,center_id,name,address,state_name,district_name,block_name,pincode,lat,long,from,to,fee_type,sessions,timestamp
0,601208,Ambawadi UHC,NR.MUNCI . SANSKRUTIK PARTY PLOT BUDARPURA ROAD AMBAWADID,Gujarat,Ahmedabad Corporation,West Zone,380015,23,72,09:00:00,17:00:00,Free,"[{'session_id': 'e5990445-ff08-42a5-b442-6763e4e83802', 'date': '08-05-2021', 'available_capacity': 0, 'min_age_limit': 45, 'vaccine': 'COVISHIELD', 'slots': ['09:00AM-11:00AM', '11:00AM-01:00PM', '01:00PM-03:00PM', '03:00PM-05:00PM']}, {'session_id': '93e2f6f1-481a-48a4-b2d7-dca307b60d7c', 'date': '09-05-2021', 'available_capacity': 0, 'min_age_limit': 45, 'vaccine': 'COVISHIELD', 'slots': ['09:00AM-11:00AM', '11:00AM-01:00PM', '01:00PM-03:00PM', '03:00PM-05:00PM']}]",2021-05-08 11:40:25.635187
1,568221,Jodhpur UPHC,Jodhpur Uphc Oppanupam SocietyNr Rathi Hospital,Gujarat,Ahmedabad Corporation,south West Zone,380015,23,72,09:00:00,17:00:00,Free,"[{'session_id': 'ed3700b6-1d5a-4f0c-b5e3-c89f66295393', 'date': '08-05-2021', 'available_capacity': 0, 'min_age_limit': 45, 'vaccine': 'COVISHIELD', 'slots': ['09:00AM-11:00AM', '11:00AM-01:00PM', '01:00PM-03:00PM', '03:00PM-05:00PM']}, {'session_id': '9fc80072-9818-4539-9e53-ba8ef78252b0', 'date': '09-05-2021', 'available_capacity': 0, 'min_age_limit': 45, 'vaccine': 'COVISHIELD', 'slots': ['09:00AM-11:00AM', '11:00AM-01:00PM', '01:00PM-03:00PM', '03:00PM-05:00PM']}]",2021-05-08 11:40:25.635187
2,553328,Muni. Shala No. 18,Muni. Shala No 18 Azad Soc Nr Post Office Bh Sahajanad College,Gujarat,Ahmedabad Corporation,West Zone,380015,23,72,09:00:00,17:00:00,Free,"[{'session_id': '82418ac8-0079-4df2-bd63-225b7586bbd7', 'date': '08-05-2021', 'available_capacity': 0, 'min_age_limit': 18, 'vaccine': 'COVISHIELD', 'slots': ['09:00AM-11:00AM', '11:00AM-01:00PM', '01:00PM-03:00PM', '03:00PM-05:00PM']}]",2021-05-08 11:40:25.635187
0,601208,Ambawadi UHC,NR.MUNCI . SANSKRUTIK PARTY PLOT BUDARPURA ROAD AMBAWADID,Gujarat,Ahmedabad Corporation,West Zone,380015,23,72,09:00:00,17:00:00,Free,"[{'session_id': 'e5990445-ff08-42a5-b442-6763e4e83802', 'date': '08-05-2021', 'available_capacity': 0, 'min_age_limit': 45, 'vaccine': 'COVISHIELD', 'slots': ['09:00AM-11:00AM', '11:00AM-01:00PM', '01:00PM-03:00PM', '03:00PM-05:00PM']}, {'session_id': '93e2f6f1-481a-48a4-b2d7-dca307b60d7c', 'date': '09-05-2021', 'available_capacity': 0, 'min_age_limit': 45, 'vaccine': 'COVISHIELD', 'slots': ['09:00AM-11:00AM', '11:00AM-01:00PM', '01:00PM-03:00PM', '03:00PM-05:00PM']}]",2021-05-08 11:40:25.868626
1,568221,Jodhpur UPHC,Jodhpur Uphc Oppanupam SocietyNr Rathi Hospital,Gujarat,Ahmedabad Corporation,south West Zone,380015,23,72,09:00:00,17:00:00,Free,"[{'session_id': 'ed3700b6-1d5a-4f0c-b5e3-c89f66295393', 'date': '08-05-2021', 'available_capacity': 0, 'min_age_limit': 45, 'vaccine': 'COVISHIELD', 'slots': ['09:00AM-11:00AM', '11:00AM-01:00PM', '01:00PM-03:00PM', '03:00PM-05:00PM']}, {'session_id': '9fc80072-9818-4539-9e53-ba8ef78252b0', 'date': '09-05-2021', 'available_capacity': 0, 'min_age_limit': 45, 'vaccine': 'COVISHIELD', 'slots': ['09:00AM-11:00AM', '11:00AM-01:00PM', '01:00PM-03:00PM', '03:00PM-05:00PM']}]",2021-05-08 11:40:25.868626
2,553328,Muni. Shala No. 18,Muni. Shala No 18 Azad Soc Nr Post Office Bh Sahajanad College,Gujarat,Ahmedabad Corporation,West Zone,380015,23,72,09:00:00,17:00:00,Free,"[{'session_id': '82418ac8-0079-4df2-bd63-225b7586bbd7', 'date': '08-05-2021', 'available_capacity': 0, 'min_age_limit': 18, 'vaccine': 'COVISHIELD', 'slots': ['09:00AM-11:00AM', '11:00AM-01:00PM', '01:00PM-03:00PM', '03:00PM-05:00PM']}]",2021-05-08 11:40:25.868626
0,601208,Ambawadi UHC,NR.MUNCI . SANSKRUTIK PARTY PLOT BUDARPURA ROAD AMBAWADID,Gujarat,Ahmedabad Corporation,West Zone,380015,23,72,09:00:00,17:00:00,Free,"[{'session_id': 'e5990445-ff08-42a5-b442-6763e4e83802', 'date': '08-05-2021', 'available_capacity': 0, 'min_age_limit': 45, 'vaccine': 'COVISHIELD', 'slots': ['09:00AM-11:00AM', '11:00AM-01:00PM', '01:00PM-03:00PM', '03:00PM-05:00PM']}, {'session_id': '93e2f6f1-481a-48a4-b2d7-dca307b60d7c', 'date': '09-05-2021', 'available_capacity': 0, 'min_age_limit': 45, 'vaccine': 'COVISHIELD', 'slots': ['09:00AM-11:00AM', '11:00AM-01:00PM', '01:00PM-03:00PM', '03:00PM-05:00PM']}]",2021-05-08 11:41:48.097456
1,568221,Jodhpur UPHC,Jodhpur Uphc Oppanupam SocietyNr Rathi Hospital,Gujarat,Ahmedabad Corporation,south West Zone,380015,23,72,09:00:00,17:00:00,Free,"[{'session_id': 'ed3700b6-1d5a-4f0c-b5e3-c89f66295393', 'date': '08-05-2021', 'available_capacity': 0, 'min_age_limit': 45, 'vaccine': 'COVISHIELD', 'slots': ['09:00AM-11:00AM', '11:00AM-01:00PM', '01:00PM-03:00PM', '03:00PM-05:00PM']}, {'session_id': '9fc80072-9818-4539-9e53-ba8ef78252b0', 'date': '09-05-2021', 'available_capacity': 0, 'min_age_limit': 45, 'vaccine': 'COVISHIELD', 'slots': ['09:00AM-11:00AM', '11:00AM-01:00PM', '01:00PM-03:00PM', '03:00PM-05:00PM']}]",2021-05-08 11:41:48.097456
2,553328,Muni. Shala No. 18,Muni. Shala No 18 Azad Soc Nr Post Office Bh Sahajanad College,Gujarat,Ahmedabad Corporation,West Zone,380015,23,72,09:00:00,17:00:00,Free,"[{'session_id': '82418ac8-0079-4df2-bd63-225b7586bbd7', 'date': '08-05-2021', 'available_capacity': 0, 'min_age_limit': 18, 'vaccine': 'COVISHIELD', 'slots': ['09:00AM-11:00AM', '11:00AM-01:00PM', '01:00PM-03:00PM', '03:00PM-05:00PM']}]",2021-05-08 11:41:48.097456
0,601208,Ambawadi UHC,NR.MUNCI . SANSKRUTIK PARTY PLOT BUDARPURA ROAD AMBAWADID,Gujarat,Ahmedabad Corporation,West Zone,380015,23,72,09:00:00,17:00:00,Free,"[{'session_id': 'e5990445-ff08-42a5-b442-6763e4e83802', 'date': '08-05-2021', 'available_capacity': 0, 'min_age_limit': 45, 'vaccine': 'COVISHIELD', 'slots': ['09:00AM-11:00AM', '11:00AM-01:00PM', '01:00PM-03:00PM', '03:00PM-05:00PM']}, {'session_id': '93e2f6f1-481a-48a4-b2d7-dca307b60d7c', 'date': '09-05-2021', 'available_capacity': 0, 'min_age_limit': 45, 'vaccine': 'COVISHIELD', 'slots': ['09:00AM-11:00AM', '11:00AM-01:00PM', '01:00PM-03:00PM', '03:00PM-05:00PM']}]",2021-05-08 11:41:48.379338
1,568221,Jodhpur UPHC,Jodhpur Uphc Oppanupam SocietyNr Rathi Hospital,Gujarat,Ahmedabad Corporation,south West Zone,380015,23,72,09:00:00,17:00:00,Free,"[{'session_id': 'ed3700b6-1d5a-4f0c-b5e3-c89f66295393', 'date': '08-05-2021', 'available_capacity': 0, 'min_age_limit': 45, 'vaccine': 'COVISHIELD', 'slots': ['09:00AM-11:00AM', '11:00AM-01:00PM', '01:00PM-03:00PM', '03:00PM-05:00PM']}, {'session_id': '9fc80072-9818-4539-9e53-ba8ef78252b0', 'date': '09-05-2021', 'available_capacity': 0, 'min_age_limit': 45, 'vaccine': 'COVISHIELD', 'slots': ['09:00AM-11:00AM', '11:00AM-01:00PM', '01:00PM-03:00PM', '03:00PM-05:00PM']}]",2021-05-08 11:41:48.379338
2,553328,Muni. Shala No. 18,Muni. Shala No 18 Azad Soc Nr Post Office Bh Sahajanad College,Gujarat,Ahmedabad Corporation,West Zone,380015,23,72,09:00:00,17:00:00,Free,"[{'session_id': '82418ac8-0079-4df2-bd63-225b7586bbd7', 'date': '08-05-2021', 'available_capacity': 0, 'min_age_limit': 18, 'vaccine': 'COVISHIELD', 'slots': ['09:00AM-11:00AM', '11:00AM-01:00PM', '01:00PM-03:00PM', '03:00PM-05:00PM']}]",2021-05-08 11:41:48.379338
0,601208,Ambawadi UHC,NR.MUNCI . SANSKRUTIK PARTY PLOT BUDARPURA ROAD AMBAWADID,Gujarat,Ahmedabad Corporation,West Zone,380015,23,72,09:00:00,17:00:00,Free,"[{'session_id': 'e5990445-ff08-42a5-b442-6763e4e83802', 'date': '08-05-2021', 'available_capacity': 0, 'min_age_limit': 45, 'vaccine': 'COVISHIELD', 'slots': ['09:00AM-11:00AM', '11:00AM-01:00PM', '01:00PM-03:00PM', '03:00PM-05:00PM']}, {'session_id': '93e2f6f1-481a-48a4-b2d7-dca307b60d7c', 'date': '09-05-2021', 'available_capacity': 0, 'min_age_limit': 45, 'vaccine': 'COVISHIELD', 'slots': ['09:00AM-11:00AM', '11:00AM-01:00PM', '01:00PM-03:00PM', '03:00PM-05:00PM']}]",2021-05-08 11:46:50.122025
1,553328,Muni. Shala No. 18,Muni. Shala No 18 Azad Soc Nr Post Office Bh Sahajanad College,Gujarat,Ahmedabad Corporation,West Zone,380015,23,72,09:00:00,17:00:00,Free,"[{'session_id': '82418ac8-0079-4df2-bd63-225b7586bbd7', 'date': '08-05-2021', 'available_capacity': 0, 'min_age_limit': 18, 'vaccine': 'COVISHIELD', 'slots': ['09:00AM-11:00AM', '11:00AM-01:00PM', '01:00PM-03:00PM', '03:00PM-05:00PM']}]",2021-05-08 11:46:50.122025
2,568221,Jodhpur UPHC,Jodhpur Uphc Oppanupam SocietyNr Rathi Hospital,Gujarat,Ahmedabad Corporation,south West Zone,380015,23,72,09:00:00,17:00:00,Free,"[{'session_id': '9fc80072-9818-4539-9e53-ba8ef78252b0', 'date': '09-05-2021', 'available_capacity': 0, 'min_age_limit': 45, 'vaccine': 'COVISHIELD', 'slots': ['09:00AM-11:00AM', '11:00AM-01:00PM', '01:00PM-03:00PM', '03:00PM-05:00PM']}]",2021-05-08 11:46:50.122025
0,601208,Ambawadi UHC,NR.MUNCI . SANSKRUTIK PARTY PLOT BUDARPURA ROAD AMBAWADID,Gujarat,Ahmedabad Corporation,West Zone,380015,23,72,09:00:00,17:00:00,Free,"[{'session_id': 'e5990445-ff08-42a5-b442-6763e4e83802', 'date': '08-05-2021', 'available_capacity': 0, 'min_age_limit': 45, 'vaccine': 'COVISHIELD', 'slots': ['09:00AM-11:00AM', '11:00AM-01:00PM', '01:00PM-03:00PM', '03:00PM-05:00PM']}, {'session_id': '93e2f6f1-481a-48a4-b2d7-dca307b60d7c', 'date': '09-05-2021', 'available_capacity': 0, 'min_age_limit': 45, 'vaccine': 'COVISHIELD', 'slots': ['09:00AM-11:00AM', '11:00AM-01:00PM', '01:00PM-03:00PM', '03:00PM-05:00PM']}]",2021-05-08 11:46:52.509475
1,553328,Muni. Shala No. 18,Muni. Shala No 18 Azad Soc Nr Post Office Bh Sahajanad College,Gujarat,Ahmedabad Corporation,West Zone,380015,23,72,09:00:00,17:00:00,Free,"[{'session_id': '82418ac8-0079-4df2-bd63-225b7586bbd7', 'date': '08-05-2021', 'available_capacity': 0, 'min_age_limit': 18, 'vaccine': 'COVISHIELD', 'slots': ['09:00AM-11:00AM', '11:00AM-01:00PM', '01:00PM-03:00PM', '03:00PM-05:00PM']}]",2021-05-08 11:46:52.509475
2,568221,Jodhpur UPHC,Jodhpur Uphc Oppanupam SocietyNr Rathi Hospital,Gujarat,Ahmedabad Corporation,south West Zone,380015,23,72,09:00:00,17:00:00,Free,"[{'session_id': '9fc80072-9818-4539-9e53-ba8ef78252b0', 'date': '09-05-2021', 'available_capacity': 0, 'min_age_limit': 45, 'vaccine': 'COVISHIELD', 'slots': ['09:00AM-11:00AM', '11:00AM-01:00PM', '01:00PM-03:00PM', '03:00PM-05:00PM']}]",2021-05-08 11:46:52.509475
0,601208,Ambawadi UHC,NR.MUNCI . SANSKRUTIK PARTY PLOT BUDARPURA ROAD AMBAWADID,Gujarat,Ahmedabad Corporation,West Zone,380015,23,72,09:00:00,17:00:00,Free,"[{'session_id': 'e5990445-ff08-42a5-b442-6763e4e83802', 'date': '08-05-2021', 'available_capacity': 0, 'min_age_limit': 45, 'vaccine': 'COVISHIELD', 'slots': ['09:00AM-11:00AM', '11:00AM-01:00PM', '01:00PM-03:00PM', '03:00PM-05:00PM']}, {'session_id': '93e2f6f1-481a-48a4-b2d7-dca307b60d7c', 'date': '09-05-2021', 'available_capacity': 0, 'min_age_limit': 45, 'vaccine': 'COVISHIELD', 'slots': ['09:00AM-11:00AM', '11:00AM-01:00PM', '01:00PM-03:00PM', '03:00PM-05:00PM']}]",2021-05-08 11:51:54.362403
1,553328,Muni. Shala No. 18,Muni. Shala No 18 Azad Soc Nr Post Office Bh Sahajanad College,Gujarat,Ahmedabad Corporation,West Zone,380015,23,72,09:00:00,17:00:00,Free,"[{'session_id': '82418ac8-0079-4df2-bd63-225b7586bbd7', 'date': '08-05-2021', 'available_capacity': 0, 'min_age_limit': 18, 'vaccine': 'COVISHIELD', 'slots': ['09:00AM-11:00AM', '11:00AM-01:00PM', '01:00PM-03:00PM', '03:00PM-05:00PM']}]",2021-05-08 11:51:54.362403
2,568221,Jodhpur UPHC,Jodhpur Uphc Oppanupam SocietyNr Rathi Hospital,Gujarat,Ahmedabad Corporation,south West Zone,380015,23,72,09:00:00,17:00:00,Free,"[{'session_id': '9fc80072-9818-4539-9e53-ba8ef78252b0', 'date': '09-05-2021', 'available_capacity': 0, 'min_age_limit': 45, 'vaccine': 'COVISHIELD', 'slots': ['09:00AM-11:00AM', '11:00AM-01:00PM', '01:00PM-03:00PM', '03:00PM-05:00PM']}]",2021-05-08 11:51:54.362403
0,601208,Ambawadi UHC,NR.MUNCI . SANSKRUTIK PARTY PLOT BUDARPURA ROAD AMBAWADID,Gujarat,Ahmedabad Corporation,West Zone,380015,23,72,09:00:00,17:00:00,Free,"[{'session_id': 'e5990445-ff08-42a5-b442-6763e4e83802', 'date': '08-05-2021', 'available_capacity': 0, 'min_age_limit': 45, 'vaccine': 'COVISHIELD', 'slots': ['09:00AM-11:00AM', '11:00AM-01:00PM', '01:00PM-03:00PM', '03:00PM-05:00PM']}, {'session_id': '93e2f6f1-481a-48a4-b2d7-dca307b60d7c', 'date': '09-05-2021', 'available_capacity': 0, 'min_age_limit': 45, 'vaccine': 'COVISHIELD', 'slots': ['09:00AM-11:00AM', '11:00AM-01:00PM', '01:00PM-03:00PM', '03:00PM-05:00PM']}]",2021-05-08 11:51:54.792648
1,553328,Muni. Shala No. 18,Muni. Shala No 18 Azad Soc Nr Post Office Bh Sahajanad College,Gujarat,Ahmedabad Corporation,West Zone,380015,23,72,09:00:00,17:00:00,Free,"[{'session_id': '82418ac8-0079-4df2-bd63-225b7586bbd7', 'date': '08-05-2021', 'available_capacity': 0, 'min_age_limit': 18, 'vaccine': 'COVISHIELD', 'slots': ['09:00AM-11:00AM', '11:00AM-01:00PM', '01:00PM-03:00PM', '03:00PM-05:00PM']}]",2021-05-08 11:51:54.792648
2,568221,Jodhpur UPHC,Jodhpur Uphc Oppanupam SocietyNr Rathi Hospital,Gujarat,Ahmedabad Corporation,south West Zone,380015,23,72,09:00:00,17:00:00,Free,"[{'session_id': '9fc80072-9818-4539-9e53-ba8ef78252b0', 'date': '09-05-2021', 'available_capacity': 0, 'min_age_limit': 45, 'vaccine': 'COVISHIELD', 'slots': ['09:00AM-11:00AM', '11:00AM-01:00PM', '01:00PM-03:00PM', '03:00PM-05:00PM']}]",2021-05-08 11:51:54.792648
0,601208,Ambawadi UHC,NR.MUNCI . SANSKRUTIK PARTY PLOT BUDARPURA ROAD AMBAWADID,Gujarat,Ahmedabad Corporation,West Zone,380015,23,72,09:00:00,17:00:00,Free,"[{'session_id': 'e5990445-ff08-42a5-b442-6763e4e83802', 'date': '08-05-2021', 'available_capacity': 0, 'min_age_limit': 45, 'vaccine': 'COVISHIELD', 'slots': ['09:00AM-11:00AM', '11:00AM-01:00PM', '01:00PM-03:00PM', '03:00PM-05:00PM']}, {'session_id': '93e2f6f1-481a-48a4-b2d7-dca307b60d7c', 'date': '09-05-2021', 'available_capacity': 0, 'min_age_limit': 45, 'vaccine': 'COVISHIELD', 'slots': ['09:00AM-11:00AM', '11:00AM-01:00PM', '01:00PM-03:00PM', '03:00PM-05:00PM']}]",2021-05-08 11:56:56.490530
1,553328,Muni. Shala No. 18,Muni. Shala No 18 Azad Soc Nr Post Office Bh Sahajanad College,Gujarat,Ahmedabad Corporation,West Zone,380015,23,72,09:00:00,17:00:00,Free,"[{'session_id': '82418ac8-0079-4df2-bd63-225b7586bbd7', 'date': '08-05-2021', 'available_capacity': 0, 'min_age_limit': 18, 'vaccine': 'COVISHIELD', 'slots': ['09:00AM-11:00AM', '11:00AM-01:00PM', '01:00PM-03:00PM', '03:00PM-05:00PM']}]",2021-05-08 11:56:56.490530
2,568221,Jodhpur UPHC,Jodhpur Uphc Oppanupam SocietyNr Rathi Hospital,Gujarat,Ahmedabad Corporation,south West Zone,380015,23,72,09:00:00,17:00:00,Free,"[{'session_id': '9fc80072-9818-4539-9e53-ba8ef78252b0', 'date': '09-05-2021', 'available_capacity': 0, 'min_age_limit': 45, 'vaccine': 'COVISHIELD', 'slots': ['09:00AM-11:00AM', '11:00AM-01:00PM', '01:00PM-03:00PM', '03:00PM-05:00PM']}]",2021-05-08 11:56:56.490530
0,601208,Ambawadi UHC,NR.MUNCI . SANSKRUTIK PARTY PLOT BUDARPURA ROAD AMBAWADID,Gujarat,Ahmedabad Corporation,West Zone,380015,23,72,09:00:00,17:00:00,Free,"[{'session_id': 'e5990445-ff08-42a5-b442-6763e4e83802', 'date': '08-05-2021', 'available_capacity': 0, 'min_age_limit': 45, 'vaccine': 'COVISHIELD', 'slots': ['09:00AM-11:00AM', '11:00AM-01:00PM', '01:00PM-03:00PM', '03:00PM-05:00PM']}, {'session_id': '93e2f6f1-481a-48a4-b2d7-dca307b60d7c', 'date': '09-05-2021', 'available_capacity': 0, 'min_age_limit': 45, 'vaccine': 'COVISHIELD', 'slots': ['09:00AM-11:00AM', '11:00AM-01:00PM', '01:00PM-03:00PM', '03:00PM-05:00PM']}]",2021-05-08 11:56:56.875996
1,553328,Muni. Shala No. 18,Muni. Shala No 18 Azad Soc Nr Post Office Bh Sahajanad College,Gujarat,Ahmedabad Corporation,West Zone,380015,23,72,09:00:00,17:00:00,Free,"[{'session_id': '82418ac8-0079-4df2-bd63-225b7586bbd7', 'date': '08-05-2021', 'available_capacity': 0, 'min_age_limit': 18, 'vaccine': 'COVISHIELD', 'slots': ['09:00AM-11:00AM', '11:00AM-01:00PM', '01:00PM-03:00PM', '03:00PM-05:00PM']}]",2021-05-08 11:56:56.875996
2,568221,Jodhpur UPHC,Jodhpur Uphc Oppanupam SocietyNr Rathi Hospital,Gujarat,Ahmedabad Corporation,south West Zone,380015,23,72,09:00:00,17:00:00,Free,"[{'session_id': '9fc80072-9818-4539-9e53-ba8ef78252b0', 'date': '09-05-2021', 'available_capacity': 0, 'min_age_limit': 45, 'vaccine': 'COVISHIELD', 'slots': ['09:00AM-11:00AM', '11:00AM-01:00PM', '01:00PM-03:00PM', '03:00PM-05:00PM']}]",2021-05-08 11:56:56.875996
0,601208,Ambawadi UHC,NR.MUNCI . SANSKRUTIK PARTY PLOT BUDARPURA ROAD AMBAWADID,Gujarat,Ahmedabad Corporation,West Zone,380015,23,72,09:00:00,17:00:00,Free,"[{'session_id': 'e5990445-ff08-42a5-b442-6763e4e83802', 'date': '08-05-2021', 'available_capacity': 0, 'min_age_limit': 45, 'vaccine': 'COVISHIELD', 'slots': ['09:00AM-11:00AM', '11:00AM-01:00PM', '01:00PM-03:00PM', '03:00PM-05:00PM']}, {'session_id': '93e2f6f1-481a-48a4-b2d7-dca307b60d7c', 'date': '09-05-2021', 'available_capacity': 0, 'min_age_limit': 45, 'vaccine': 'COVISHIELD', 'slots': ['09:00AM-11:00AM', '11:00AM-01:00PM', '01:00PM-03:00PM', '03:00PM-05:00PM']}]",2021-05-08 12:01:58.927338
1,553328,Muni. Shala No. 18,Muni. Shala No 18 Azad Soc Nr Post Office Bh Sahajanad College,Gujarat,Ahmedabad Corporation,West Zone,380015,23,72,09:00:00,17:00:00,Free,"[{'session_id': '82418ac8-0079-4df2-bd63-225b7586bbd7', 'date': '08-05-2021', 'available_capacity': 0, 'min_age_limit': 18, 'vaccine': 'COVISHIELD', 'slots': ['09:00AM-11:00AM', '11:00AM-01:00PM', '01:00PM-03:00PM', '03:00PM-05:00PM']}]",2021-05-08 12:01:58.927338
2,568221,Jodhpur UPHC,Jodhpur Uphc Oppanupam SocietyNr Rathi Hospital,Gujarat,Ahmedabad Corporation,south West Zone,380015,23,72,09:00:00,17:00:00,Free,"[{'session_id': '9fc80072-9818-4539-9e53-ba8ef78252b0', 'date': '09-05-2021', 'available_capacity': 0, 'min_age_limit': 45, 'vaccine': 'COVISHIELD', 'slots': ['09:00AM-11:00AM', '11:00AM-01:00PM', '01:00PM-03:00PM', '03:00PM-05:00PM']}]",2021-05-08 12:01:58.927338
0,601208,Ambawadi UHC,NR.MUNCI . SANSKRUTIK PARTY PLOT BUDARPURA ROAD AMBAWADID,Gujarat,Ahmedabad Corporation,West Zone,380015,23,72,09:00:00,17:00:00,Free,"[{'session_id': 'e5990445-ff08-42a5-b442-6763e4e83802', 'date': '08-05-2021', 'available_capacity': 0, 'min_age_limit': 45, 'vaccine': 'COVISHIELD', 'slots': ['09:00AM-11:00AM', '11:00AM-01:00PM', '01:00PM-03:00PM', '03:00PM-05:00PM']}, {'session_id': '93e2f6f1-481a-48a4-b2d7-dca307b60d7c', 'date': '09-05-2021', 'available_capacity': 0, 'min_age_limit': 45, 'vaccine': 'COVISHIELD', 'slots': ['09:00AM-11:00AM', '11:00AM-01:00PM', '01:00PM-03:00PM', '03:00PM-05:00PM']}]",2021-05-08 12:01:59.375155
1,553328,Muni. Shala No. 18,Muni. Shala No 18 Azad Soc Nr Post Office Bh Sahajanad College,Gujarat,Ahmedabad Corporation,West Zone,380015,23,72,09:00:00,17:00:00,Free,"[{'session_id': '82418ac8-0079-4df2-bd63-225b7586bbd7', 'date': '08-05-2021', 'available_capacity': 0, 'min_age_limit': 18, 'vaccine': 'COVISHIELD', 'slots': ['09:00AM-11:00AM', '11:00AM-01:00PM', '01:00PM-03:00PM', '03:00PM-05:00PM']}]",2021-05-08 12:01:59.375155
2,568221,Jodhpur UPHC,Jodhpur Uphc Oppanupam SocietyNr Rathi Hospital,Gujarat,Ahmedabad Corporation,south West Zone,380015,23,72,09:00:00,17:00:00,Free,"[{'session_id': '9fc80072-9818-4539-9e53-ba8ef78252b0', 'date': '09-05-2021', 'available_capacity': 0, 'min_age_limit': 45, 'vaccine': 'COVISHIELD', 'slots': ['09:00AM-11:00AM', '11:00AM-01:00PM', '01:00PM-03:00PM', '03:00PM-05:00PM']}]",2021-05-08 12:01:59.375155
0,601208,Ambawadi UHC,NR.MUNCI . SANSKRUTIK PARTY PLOT BUDARPURA ROAD AMBAWADID,Gujarat,Ahmedabad Corporation,West Zone,380015,23,72,09:00:00,17:00:00,Free,"[{'session_id': 'e5990445-ff08-42a5-b442-6763e4e83802', 'date': '08-05-2021', 'available_capacity': 0, 'min_age_limit': 45, 'vaccine': 'COVISHIELD', 'slots': ['09:00AM-11:00AM', '11:00AM-01:00PM', '01:00PM-03:00PM', '03:00PM-05:00PM']}, {'session_id': '93e2f6f1-481a-48a4-b2d7-dca307b60d7c', 'date': '09-05-2021', 'available_capacity': 0, 'min_age_limit': 45, 'vaccine': 'COVISHIELD', 'slots': ['09:00AM-11:00AM', '11:00AM-01:00PM', '01:00PM-03:00PM', '03:00PM-05:00PM']}]",2021-05-08 12:03:06.654638
1,553328,Muni. Shala No. 18,Muni. Shala No 18 Azad Soc Nr Post Office Bh Sahajanad College,Gujarat,Ahmedabad Corporation,West Zone,380015,23,72,09:00:00,17:00:00,Free,"[{'session_id': '82418ac8-0079-4df2-bd63-225b7586bbd7', 'date': '08-05-2021', 'available_capacity': 0, 'min_age_limit': 18, 'vaccine': 'COVISHIELD', 'slots': ['09:00AM-11:00AM', '11:00AM-01:00PM', '01:00PM-03:00PM', '03:00PM-05:00PM']}]",2021-05-08 12:03:06.654638
2,568221,Jodhpur UPHC,Jodhpur Uphc Oppanupam SocietyNr Rathi Hospital,Gujarat,Ahmedabad Corporation,south West Zone,380015,23,72,09:00:00,17:00:00,Free,"[{'session_id': '9fc80072-9818-4539-9e53-ba8ef78252b0', 'date': '09-05-2021', 'available_capacity': 0, 'min_age_limit': 45, 'vaccine': 'COVISHIELD', 'slots': ['09:00AM-11:00AM', '11:00AM-01:00PM', '01:00PM-03:00PM', '03:00PM-05:00PM']}]",2021-05-08 12:03:06.654638
0,601208,Ambawadi UHC,NR.MUNCI . SANSKRUTIK PARTY PLOT BUDARPURA ROAD AMBAWADID,Gujarat,Ahmedabad Corporation,West Zone,380015,23,72,09:00:00,17:00:00,Free,"[{'session_id': 'e5990445-ff08-42a5-b442-6763e4e83802', 'date': '08-05-2021', 'available_capacity': 0, 'min_age_limit': 45, 'vaccine': 'COVISHIELD', 'slots': ['09:00AM-11:00AM', '11:00AM-01:00PM', '01:00PM-03:00PM', '03:00PM-05:00PM']}, {'session_id': '93e2f6f1-481a-48a4-b2d7-dca307b60d7c', 'date': '09-05-2021', 'available_capacity': 0, 'min_age_limit': 45, 'vaccine': 'COVISHIELD', 'slots': ['09:00AM-11:00AM', '11:00AM-01:00PM', '01:00PM-03:00PM', '03:00PM-05:00PM']}]",2021-05-08 12:03:06.842832
1,553328,Muni. Shala No. 18,Muni. Shala No 18 Azad Soc Nr Post Office Bh Sahajanad College,Gujarat,Ahmedabad Corporation,West Zone,380015,23,72,09:00:00,17:00:00,Free,"[{'session_id': '82418ac8-0079-4df2-bd63-225b7586bbd7', 'date': '08-05-2021', 'available_capacity': 0, 'min_age_limit': 18, 'vaccine': 'COVISHIELD', 'slots': ['09:00AM-11:00AM', '11:00AM-01:00PM', '01:00PM-03:00PM', '03:00PM-05:00PM']}]",2021-05-08 12:03:06.842832
2,568221,Jodhpur UPHC,Jodhpur Uphc Oppanupam SocietyNr Rathi Hospital,Gujarat,Ahmedabad Corporation,south West Zone,380015,23,72,09:00:00,17:00:00,Free,"[{'session_id': '9fc80072-9818-4539-9e53-ba8ef78252b0', 'date': '09-05-2021', 'available_capacity': 0, 'min_age_limit': 45, 'vaccine': 'COVISHIELD', 'slots': ['09:00AM-11:00AM', '11:00AM-01:00PM', '01:00PM-03:00PM', '03:00PM-05:00PM']}]",2021-05-08 12:03:06.842832
0,553328,Muni. Shala No. 18,Muni. Shala No 18 Azad Soc Nr Post Office Bh Sahajanad College,Gujarat,Ahmedabad Corporation,West Zone,380015,23,72,09:00:00,17:00:00,Free,"[{'session_id': '82418ac8-0079-4df2-bd63-225b7586bbd7', 'date': '08-05-2021', 'available_capacity': 0, 'min_age_limit': 18, 'vaccine': 'COVISHIELD', 'slots': ['09:00AM-11:00AM', '11:00AM-01:00PM', '01:00PM-03:00PM', '03:00PM-05:00PM']}]",2021-05-08 12:07:01.138517
1,568221,Jodhpur UPHC,Jodhpur Uphc Oppanupam SocietyNr Rathi Hospital,Gujarat,Ahmedabad Corporation,south West Zone,380015,23,72,09:00:00,17:00:00,Free,"[{'session_id': '9fc80072-9818-4539-9e53-ba8ef78252b0', 'date': '09-05-2021', 'available_capacity': 0, 'min_age_limit': 45, 'vaccine': 'COVISHIELD', 'slots': ['09:00AM-11:00AM', '11:00AM-01:00PM', '01:00PM-03:00PM', '03:00PM-05:00PM']}]",2021-05-08 12:07:01.138517
2,601208,Ambawadi UHC,NR.MUNCI . SANSKRUTIK PARTY PLOT BUDARPURA ROAD AMBAWADID,Gujarat,Ahmedabad Corporation,West Zone,380015,23,72,09:00:00,17:00:00,Free,"[{'session_id': '93e2f6f1-481a-48a4-b2d7-dca307b60d7c', 'date': '09-05-2021', 'available_capacity': 0, 'min_age_limit': 45, 'vaccine': 'COVISHIELD', 'slots': ['09:00AM-11:00AM', '11:00AM-01:00PM', '01:00PM-03:00PM', '03:00PM-05:00PM']}]",2021-05-08 12:07:01.138517
0,553328,Muni. Shala No. 18,Muni. Shala No 18 Azad Soc Nr Post Office Bh Sahajanad College,Gujarat,Ahmedabad Corporation,West Zone,380015,23,72,09:00:00,17:00:00,Free,"[{'session_id': '82418ac8-0079-4df2-bd63-225b7586bbd7', 'date': '08-05-2021', 'available_capacity': 0, 'min_age_limit': 18, 'vaccine': 'COVISHIELD', 'slots': ['09:00AM-11:00AM', '11:00AM-01:00PM', '01:00PM-03:00PM', '03:00PM-05:00PM']}]",2021-05-08 12:07:01.595771
1,568221,Jodhpur UPHC,Jodhpur Uphc Oppanupam SocietyNr Rathi Hospital,Gujarat,Ahmedabad Corporation,south West Zone,380015,23,72,09:00:00,17:00:00,Free,"[{'session_id': '9fc80072-9818-4539-9e53-ba8ef78252b0', 'date': '09-05-2021', 'available_capacity': 0, 'min_age_limit': 45, 'vaccine': 'COVISHIELD', 'slots': ['09:00AM-11:00AM', '11:00AM-01:00PM', '01:00PM-03:00PM', '03:00PM-05:00PM']}]",2021-05-08 12:07:01.595771
2,601208,Ambawadi UHC,NR.MUNCI . SANSKRUTIK PARTY PLOT BUDARPURA ROAD AMBAWADID,Gujarat,Ahmedabad Corporation,West Zone,380015,23,72,09:00:00,17:00:00,Free,"[{'session_id': '93e2f6f1-481a-48a4-b2d7-dca307b60d7c', 'date': '09-05-2021', 'available_capacity': 0, 'min_age_limit': 45, 'vaccine': 'COVISHIELD', 'slots': ['09:00AM-11:00AM', '11:00AM-01:00PM', '01:00PM-03:00PM', '03:00PM-05:00PM']}]",2021-05-08 12:07:01.595771
0,553328,Muni. Shala No. 18,Muni. Shala No 18 Azad Soc Nr Post Office Bh Sahajanad College,Gujarat,Ahmedabad Corporation,West Zone,380015,23,72,09:00:00,17:00:00,Free,"[{'session_id': '82418ac8-0079-4df2-bd63-225b7586bbd7', 'date': '08-05-2021', 'available_capacity': 0, 'min_age_limit': 18, 'vaccine': 'COVISHIELD', 'slots': ['09:00AM-11:00AM', '11:00AM-01:00PM', '01:00PM-03:00PM', '03:00PM-05:00PM']}]",2021-05-08 12:12:03.858206
1,568221,Jodhpur UPHC,Jodhpur Uphc Oppanupam SocietyNr Rathi Hospital,Gujarat,Ahmedabad Corporation,south West Zone,380015,23,72,09:00:00,17:00:00,Free,"[{'session_id': '9fc80072-9818-4539-9e53-ba8ef78252b0', 'date': '09-05-2021', 'available_capacity': 0, 'min_age_limit': 45, 'vaccine': 'COVISHIELD', 'slots': ['09:00AM-11:00AM', '11:00AM-01:00PM', '01:00PM-03:00PM', '03:00PM-05:00PM']}]",2021-05-08 12:12:03.858206
2,601208,Ambawadi UHC,NR.MUNCI . SANSKRUTIK PARTY PLOT BUDARPURA ROAD AMBAWADID,Gujarat,Ahmedabad Corporation,West Zone,380015,23,72,09:00:00,17:00:00,Free,"[{'session_id': '93e2f6f1-481a-48a4-b2d7-dca307b60d7c', 'date': '09-05-2021', 'available_capacity': 0, 'min_age_limit': 45, 'vaccine': 'COVISHIELD', 'slots': ['09:00AM-11:00AM', '11:00AM-01:00PM', '01:00PM-03:00PM', '03:00PM-05:00PM']}]",2021-05-08 12:12:03.858206
0,553328,Muni. Shala No. 18,Muni. Shala No 18 Azad Soc Nr Post Office Bh Sahajanad College,Gujarat,Ahmedabad Corporation,West Zone,380015,23,72,09:00:00,17:00:00,Free,"[{'session_id': '82418ac8-0079-4df2-bd63-225b7586bbd7', 'date': '08-05-2021', 'available_capacity': 0, 'min_age_limit': 18, 'vaccine': 'COVISHIELD', 'slots': ['09:00AM-11:00AM', '11:00AM-01:00PM', '01:00PM-03:00PM', '03:00PM-05:00PM']}]",2021-05-08 12:12:04.247223
1,568221,Jodhpur UPHC,Jodhpur Uphc Oppanupam SocietyNr Rathi Hospital,Gujarat,Ahmedabad Corporation,south West Zone,380015,23,72,09:00:00,17:00:00,Free,"[{'session_id': '9fc80072-9818-4539-9e53-ba8ef78252b0', 'date': '09-05-2021', 'available_capacity': 0, 'min_age_limit': 45, 'vaccine': 'COVISHIELD', 'slots': ['09:00AM-11:00AM', '11:00AM-01:00PM', '01:00PM-03:00PM', '03:00PM-05:00PM']}]",2021-05-08 12:12:04.247223
2,601208,Ambawadi UHC,NR.MUNCI . SANSKRUTIK PARTY PLOT BUDARPURA ROAD AMBAWADID,Gujarat,Ahmedabad Corporation,West Zone,380015,23,72,09:00:00,17:00:00,Free,"[{'session_id': '93e2f6f1-481a-48a4-b2d7-dca307b60d7c', 'date': '09-05-2021', 'available_capacity': 0, 'min_age_limit': 45, 'vaccine': 'COVISHIELD', 'slots': ['09:00AM-11:00AM', '11:00AM-01:00PM', '01:00PM-03:00PM', '03:00PM-05:00PM']}]",2021-05-08 12:12:04.247223
0,553328,Muni. Shala No. 18,Muni. Shala No 18 Azad Soc Nr Post Office Bh Sahajanad College,Gujarat,Ahmedabad Corporation,West Zone,380015,23,72,09:00:00,17:00:00,Free,"[{'session_id': '82418ac8-0079-4df2-bd63-225b7586bbd7', 'date': '08-05-2021', 'available_capacity': 0, 'min_age_limit': 18, 'vaccine': 'COVISHIELD', 'slots': ['09:00AM-11:00AM', '11:00AM-01:00PM', '01:00PM-03:00PM', '03:00PM-05:00PM']}]",2021-05-08 12:17:06.108749
1,568221,Jodhpur UPHC,Jodhpur Uphc Oppanupam SocietyNr Rathi Hospital,Gujarat,Ahmedabad Corporation,south West Zone,380015,23,72,09:00:00,17:00:00,Free,"[{'session_id': '9fc80072-9818-4539-9e53-ba8ef78252b0', 'date': '09-05-2021', 'available_capacity': 0, 'min_age_limit': 45, 'vaccine': 'COVISHIELD', 'slots': ['09:00AM-11:00AM', '11:00AM-01:00PM', '01:00PM-03:00PM', '03:00PM-05:00PM']}]",2021-05-08 12:17:06.108749
2,601208,Ambawadi UHC,NR.MUNCI . SANSKRUTIK PARTY PLOT BUDARPURA ROAD AMBAWADID,Gujarat,Ahmedabad Corporation,West Zone,380015,23,72,09:00:00,17:00:00,Free,"[{'session_id': '93e2f6f1-481a-48a4-b2d7-dca307b60d7c', 'date': '09-05-2021', 'available_capacity': 0, 'min_age_limit': 45, 'vaccine': 'COVISHIELD', 'slots': ['09:00AM-11:00AM', '11:00AM-01:00PM', '01:00PM-03:00PM', '03:00PM-05:00PM']}]",2021-05-08 12:17:06.108749
0,553328,Muni. Shala No. 18,Muni. Shala No 18 Azad Soc Nr Post Office Bh Sahajanad College,Gujarat,Ahmedabad Corporation,West Zone,380015,23,72,09:00:00,17:00:00,Free,"[{'session_id': '82418ac8-0079-4df2-bd63-225b7586bbd7', 'date': '08-05-2021', 'available_capacity': 0, 'min_age_limit': 18, 'vaccine': 'COVISHIELD', 'slots': ['09:00AM-11:00AM', '11:00AM-01:00PM', '01:00PM-03:00PM', '03:00PM-05:00PM']}]",2021-05-08 12:17:06.503552
1,568221,Jodhpur UPHC,Jodhpur Uphc Oppanupam SocietyNr Rathi Hospital,Gujarat,Ahmedabad Corporation,south West Zone,380015,23,72,09:00:00,17:00:00,Free,"[{'session_id': '9fc80072-9818-4539-9e53-ba8ef78252b0', 'date': '09-05-2021', 'available_capacity': 0, 'min_age_limit': 45, 'vaccine': 'COVISHIELD', 'slots': ['09:00AM-11:00AM', '11:00AM-01:00PM', '01:00PM-03:00PM', '03:00PM-05:00PM']}]",2021-05-08 12:17:06.503552
2,601208,Ambawadi UHC,NR.MUNCI . SANSKRUTIK PARTY PLOT BUDARPURA ROAD AMBAWADID,Gujarat,Ahmedabad Corporation,West Zone,380015,23,72,09:00:00,17:00:00,Free,"[{'session_id': '93e2f6f1-481a-48a4-b2d7-dca307b60d7c', 'date': '09-05-2021', 'available_capacity': 0, 'min_age_limit': 45, 'vaccine': 'COVISHIELD', 'slots': ['09:00AM-11:00AM', '11:00AM-01:00PM', '01:00PM-03:00PM', '03:00PM-05:00PM']}]",2021-05-08 12:17:06.503552
0,553328,Muni. Shala No. 18,Muni. Shala No 18 Azad Soc Nr Post Office Bh Sahajanad College,Gujarat,Ahmedabad Corporation,West Zone,380015,23,72,09:00:00,17:00:00,Free,"[{'session_id': '82418ac8-0079-4df2-bd63-225b7586bbd7', 'date': '08-05-2021', 'available_capacity': 0, 'min_age_limit': 18, 'vaccine': 'COVISHIELD', 'slots': ['09:00AM-11:00AM', '11:00AM-01:00PM', '01:00PM-03:00PM', '03:00PM-05:00PM']}]",2021-05-08 12:22:11.533322
1,568221,Jodhpur UPHC,Jodhpur Uphc Oppanupam SocietyNr Rathi Hospital,Gujarat,Ahmedabad Corporation,south West Zone,380015,23,72,09:00:00,17:00:00,Free,"[{'session_id': '9fc80072-9818-4539-9e53-ba8ef78252b0', 'date': '09-05-2021', 'available_capacity': 0, 'min_age_limit': 45, 'vaccine': 'COVISHIELD', 'slots': ['09:00AM-11:00AM', '11:00AM-01:00PM', '01:00PM-03:00PM', '03:00PM-05:00PM']}]",2021-05-08 12:22:11.533322
2,601208,Ambawadi UHC,NR.MUNCI . SANSKRUTIK PARTY PLOT BUDARPURA ROAD AMBAWADID,Gujarat,Ahmedabad Corporation,West Zone,380015,23,72,09:00:00,17:00:00,Free,"[{'session_id': '93e2f6f1-481a-48a4-b2d7-dca307b60d7c', 'date': '09-05-2021', 'available_capacity': 0, 'min_age_limit': 45, 'vaccine': 'COVISHIELD', 'slots': ['09:00AM-11:00AM', '11:00AM-01:00PM', '01:00PM-03:00PM', '03:00PM-05:00PM']}]",2021-05-08 12:22:11.533322
0,553328,Muni. Shala No. 18,Muni. Shala No 18 Azad Soc Nr Post Office Bh Sahajanad College,Gujarat,Ahmedabad Corporation,West Zone,380015,23,72,09:00:00,17:00:00,Free,"[{'session_id': '82418ac8-0079-4df2-bd63-225b7586bbd7', 'date': '08-05-2021', 'available_capacity': 0, 'min_age_limit': 18, 'vaccine': 'COVISHIELD', 'slots': ['09:00AM-11:00AM', '11:00AM-01:00PM', '01:00PM-03:00PM', '03:00PM-05:00PM']}]",2021-05-08 12:22:11.919686
1,568221,Jodhpur UPHC,Jodhpur Uphc Oppanupam SocietyNr Rathi Hospital,Gujarat,Ahmedabad Corporation,south West Zone,380015,23,72,09:00:00,17:00:00,Free,"[{'session_id': '9fc80072-9818-4539-9e53-ba8ef78252b0', 'date': '09-05-2021', 'available_capacity': 0, 'min_age_limit': 45, 'vaccine': 'COVISHIELD', 'slots': ['09:00AM-11:00AM', '11:00AM-01:00PM', '01:00PM-03:00PM', '03:00PM-05:00PM']}]",2021-05-08 12:22:11.919686
2,601208,Ambawadi UHC,NR.MUNCI . SANSKRUTIK PARTY PLOT BUDARPURA ROAD AMBAWADID,Gujarat,Ahmedabad Corporation,West Zone,380015,23,72,09:00:00,17:00:00,Free,"[{'session_id': '93e2f6f1-481a-48a4-b2d7-dca307b60d7c', 'date': '09-05-2021', 'available_capacity': 0, 'min_age_limit': 45, 'vaccine': 'COVISHIELD', 'slots': ['09:00AM-11:00AM', '11:00AM-01:00PM', '01:00PM-03:00PM', '03:00PM-05:00PM']}]",2021-05-08 12:22:11.919686
0,553328,Muni. Shala No. 18,Muni. Shala No 18 Azad Soc Nr Post Office Bh Sahajanad College,Gujarat,Ahmedabad Corporation,West Zone,380015,23,72,09:00:00,17:00:00,Free,"[{'session_id': '82418ac8-0079-4df2-bd63-225b7586bbd7', 'date': '08-05-2021', 'available_capacity': 0, 'min_age_limit': 18, 'vaccine': 'COVISHIELD', 'slots': ['09:00AM-11:00AM', '11:00AM-01:00PM', '01:00PM-03:00PM', '03:00PM-05:00PM']}]",2021-05-08 12:27:16.827215
1,568221,Jodhpur UPHC,Jodhpur Uphc Oppanupam SocietyNr Rathi Hospital,Gujarat,Ahmedabad Corporation,south West Zone,380015,23,72,09:00:00,17:00:00,Free,"[{'session_id': '9fc80072-9818-4539-9e53-ba8ef78252b0', 'date': '09-05-2021', 'available_capacity': 0, 'min_age_limit': 45, 'vaccine': 'COVISHIELD', 'slots': ['09:00AM-11:00AM', '11:00AM-01:00PM', '01:00PM-03:00PM', '03:00PM-05:00PM']}]",2021-05-08 12:27:16.827215
2,601208,Ambawadi UHC,NR.MUNCI . SANSKRUTIK PARTY PLOT BUDARPURA ROAD AMBAWADID,Gujarat,Ahmedabad Corporation,West Zone,380015,23,72,09:00:00,17:00:00,Free,"[{'session_id': '93e2f6f1-481a-48a4-b2d7-dca307b60d7c', 'date': '09-05-2021', 'available_capacity': 0, 'min_age_limit': 45, 'vaccine': 'COVISHIELD', 'slots': ['09:00AM-11:00AM', '11:00AM-01:00PM', '01:00PM-03:00PM', '03:00PM-05:00PM']}]",2021-05-08 12:27:16.827215
0,553328,Muni. Shala No. 18,Muni. Shala No 18 Azad Soc Nr Post Office Bh Sahajanad College,Gujarat,Ahmedabad Corporation,West Zone,380015,23,72,09:00:00,17:00:00,Free,"[{'session_id': '82418ac8-0079-4df2-bd63-225b7586bbd7', 'date': '08-05-2021', 'available_capacity': 0, 'min_age_limit': 18, 'vaccine': 'COVISHIELD', 'slots': ['09:00AM-11:00AM', '11:00AM-01:00PM', '01:00PM-03:00PM', '03:00PM-05:00PM']}]",2021-05-08 12:27:17.249235
1,568221,Jodhpur UPHC,Jodhpur Uphc Oppanupam SocietyNr Rathi Hospital,Gujarat,Ahmedabad Corporation,south West Zone,380015,23,72,09:00:00,17:00:00,Free,"[{'session_id': '9fc80072-9818-4539-9e53-ba8ef78252b0', 'date': '09-05-2021', 'available_capacity': 0, 'min_age_limit': 45, 'vaccine': 'COVISHIELD', 'slots': ['09:00AM-11:00AM', '11:00AM-01:00PM', '01:00PM-03:00PM', '03:00PM-05:00PM']}]",2021-05-08 12:27:17.249235
2,601208,Ambawadi UHC,NR.MUNCI . SANSKRUTIK PARTY PLOT BUDARPURA ROAD AMBAWADID,Gujarat,Ahmedabad Corporation,West Zone,380015,23,72,09:00:00,17:00:00,Free,"[{'session_id': '93e2f6f1-481a-48a4-b2d7-dca307b60d7c', 'date': '09-05-2021', 'available_capacity': 0, 'min_age_limit': 45, 'vaccine': 'COVISHIELD', 'slots': ['09:00AM-11:00AM', '11:00AM-01:00PM', '01:00PM-03:00PM', '03:00PM-05:00PM']}]",2021-05-08 12:27:17.249235
0,553328,Muni. Shala No. 18,Muni. Shala No 18 Azad Soc Nr Post Office Bh Sahajanad College,Gujarat,Ahmedabad Corporation,West Zone,380015,23,72,09:00:00,17:00:00,Free,"[{'session_id': '82418ac8-0079-4df2-bd63-225b7586bbd7', 'date': '08-05-2021', 'available_capacity': 0, 'min_age_limit': 18, 'vaccine': 'COVISHIELD', 'slots': ['09:00AM-11:00AM', '11:00AM-01:00PM', '01:00PM-03:00PM', '03:00PM-05:00PM']}]",2021-05-08 12:32:25.450733
1,568221,Jodhpur UPHC,Jodhpur Uphc Oppanupam SocietyNr Rathi Hospital,Gujarat,Ahmedabad Corporation,south West Zone,380015,23,72,09:00:00,17:00:00,Free,"[{'session_id': '9fc80072-9818-4539-9e53-ba8ef78252b0', 'date': '09-05-2021', 'available_capacity': 0, 'min_age_limit': 45, 'vaccine': 'COVISHIELD', 'slots': ['09:00AM-11:00AM', '11:00AM-01:00PM', '01:00PM-03:00PM', '03:00PM-05:00PM']}]",2021-05-08 12:32:25.450733
2,601208,Ambawadi UHC,NR.MUNCI . SANSKRUTIK PARTY PLOT BUDARPURA ROAD AMBAWADID,Gujarat,Ahmedabad Corporation,West Zone,380015,23,72,09:00:00,17:00:00,Free,"[{'session_id': '93e2f6f1-481a-48a4-b2d7-dca307b60d7c', 'date': '09-05-2021', 'available_capacity': 0, 'min_age_limit': 45, 'vaccine': 'COVISHIELD', 'slots': ['09:00AM-11:00AM', '11:00AM-01:00PM', '01:00PM-03:00PM', '03:00PM-05:00PM']}]",2021-05-08 12:32:25.450733
0,553328,Muni. Shala No. 18,Muni. Shala No 18 Azad Soc Nr Post Office Bh Sahajanad College,Gujarat,Ahmedabad Corporation,West Zone,380015,23,72,09:00:00,17:00:00,Free,"[{'session_id': '82418ac8-0079-4df2-bd63-225b7586bbd7', 'date': '08-05-2021', 'available_capacity': 0, 'min_age_limit': 18, 'vaccine': 'COVISHIELD', 'slots': ['09:00AM-11:00AM', '11:00AM-01:00PM', '01:00PM-03:00PM', '03:00PM-05:00PM']}]",2021-05-08 12:32:25.942341
1,568221,Jodhpur UPHC,Jodhpur Uphc Oppanupam SocietyNr Rathi Hospital,Gujarat,Ahmedabad Corporation,south West Zone,380015,23,72,09:00:00,17:00:00,Free,"[{'session_id': '9fc80072-9818-4539-9e53-ba8ef78252b0', 'date': '09-05-2021', 'available_capacity': 0, 'min_age_limit': 45, 'vaccine': 'COVISHIELD', 'slots': ['09:00AM-11:00AM', '11:00AM-01:00PM', '01:00PM-03:00PM', '03:00PM-05:00PM']}]",2021-05-08 12:32:25.942341
2,601208,Ambawadi UHC,NR.MUNCI . SANSKRUTIK PARTY PLOT BUDARPURA ROAD AMBAWADID,Gujarat,Ahmedabad Corporation,West Zone,380015,23,72,09:00:00,17:00:00,Free,"[{'session_id': '93e2f6f1-481a-48a4-b2d7-dca307b60d7c', 'date': '09-05-2021', 'available_capacity': 0, 'min_age_limit': 45, 'vaccine': 'COVISHIELD', 'slots': ['09:00AM-11:00AM', '11:00AM-01:00PM', '01:00PM-03:00PM', '03:00PM-05:00PM']}]",2021-05-08 12:32:25.942341
0,553328,Muni. Shala No. 18,Muni. Shala No 18 Azad Soc Nr Post Office Bh Sahajanad College,Gujarat,Ahmedabad Corporation,West Zone,380015,23,72,09:00:00,17:00:00,Free,"[{'session_id': '82418ac8-0079-4df2-bd63-225b7586bbd7', 'date': '08-05-2021', 'available_capacity': 0, 'min_age_limit': 18, 'vaccine': 'COVISHIELD', 'slots': ['09:00AM-11:00AM', '11:00AM-01:00PM', '01:00PM-03:00PM', '03:00PM-05:00PM']}]",2021-05-08 12:37:33.382067
1,568221,Jodhpur UPHC,Jodhpur Uphc Oppanupam SocietyNr Rathi Hospital,Gujarat,Ahmedabad Corporation,south West Zone,380015,23,72,09:00:00,17:00:00,Free,"[{'session_id': '9fc80072-9818-4539-9e53-ba8ef78252b0', 'date': '09-05-2021', 'available_capacity': 0, 'min_age_limit': 45, 'vaccine': 'COVISHIELD', 'slots': ['09:00AM-11:00AM', '11:00AM-01:00PM', '01:00PM-03:00PM', '03:00PM-05:00PM']}]",2021-05-08 12:37:33.382067
2,601208,Ambawadi UHC,NR.MUNCI . SANSKRUTIK PARTY PLOT BUDARPURA ROAD AMBAWADID,Gujarat,Ahmedabad Corporation,West Zone,380015,23,72,09:00:00,17:00:00,Free,"[{'session_id': '93e2f6f1-481a-48a4-b2d7-dca307b60d7c', 'date': '09-05-2021', 'available_capacity': 0, 'min_age_limit': 45, 'vaccine': 'COVISHIELD', 'slots': ['09:00AM-11:00AM', '11:00AM-01:00PM', '01:00PM-03:00PM', '03:00PM-05:00PM']}]",2021-05-08 12:37:33.382067
0,553328,Muni. Shala No. 18,Muni. Shala No 18 Azad Soc Nr Post Office Bh Sahajanad College,Gujarat,Ahmedabad Corporation,West Zone,380015,23,72,09:00:00,17:00:00,Free,"[{'session_id': '82418ac8-0079-4df2-bd63-225b7586bbd7', 'date': '08-05-2021', 'available_capacity': 0, 'min_age_limit': 18, 'vaccine': 'COVISHIELD', 'slots': ['09:00AM-11:00AM', '11:00AM-01:00PM', '01:00PM-03:00PM', '03:00PM-05:00PM']}]",2021-05-08 12:37:33.790145
1,568221,Jodhpur UPHC,Jodhpur Uphc Oppanupam SocietyNr Rathi Hospital,Gujarat,Ahmedabad Corporation,south West Zone,380015,23,72,09:00:00,17:00:00,Free,"[{'session_id': '9fc80072-9818-4539-9e53-ba8ef78252b0', 'date': '09-05-2021', 'available_capacity': 0, 'min_age_limit': 45, 'vaccine': 'COVISHIELD', 'slots': ['09:00AM-11:00AM', '11:00AM-01:00PM', '01:00PM-03:00PM', '03:00PM-05:00PM']}]",2021-05-08 12:37:33.790145
2,601208,Ambawadi UHC,NR.MUNCI . SANSKRUTIK PARTY PLOT BUDARPURA ROAD AMBAWADID,Gujarat,Ahmedabad Corporation,West Zone,380015,23,72,09:00:00,17:00:00,Free,"[{'session_id': '93e2f6f1-481a-48a4-b2d7-dca307b60d7c', 'date': '09-05-2021', 'available_capacity': 0, 'min_age_limit': 45, 'vaccine': 'COVISHIELD', 'slots': ['09:00AM-11:00AM', '11:00AM-01:00PM', '01:00PM-03:00PM', '03:00PM-05:00PM']}]",2021-05-08 12:37:33.790145
0,553328,Muni. Shala No. 18,Muni. Shala No 18 Azad Soc Nr Post Office Bh Sahajanad College,Gujarat,Ahmedabad Corporation,West Zone,380015,23,72,09:00:00,17:00:00,Free,"[{'session_id': '82418ac8-0079-4df2-bd63-225b7586bbd7', 'date': '08-05-2021', 'available_capacity': 0, 'min_age_limit': 18, 'vaccine': 'COVISHIELD', 'slots': ['09:00AM-11:00AM', '11:00AM-01:00PM', '01:00PM-03:00PM', '03:00PM-05:00PM']}]",2021-05-08 12:42:38.678619
1,568221,Jodhpur UPHC,Jodhpur Uphc Oppanupam SocietyNr Rathi Hospital,Gujarat,Ahmedabad Corporation,south West Zone,380015,23,72,09:00:00,17:00:00,Free,"[{'session_id': '9fc80072-9818-4539-9e53-ba8ef78252b0', 'date': '09-05-2021', 'available_capacity': 0, 'min_age_limit': 45, 'vaccine': 'COVISHIELD', 'slots': ['09:00AM-11:00AM', '11:00AM-01:00PM', '01:00PM-03:00PM', '03:00PM-05:00PM']}]",2021-05-08 12:42:38.678619
2,601208,Ambawadi UHC,NR.MUNCI . SANSKRUTIK PARTY PLOT BUDARPURA ROAD AMBAWADID,Gujarat,Ahmedabad Corporation,West Zone,380015,23,72,09:00:00,17:00:00,Free,"[{'session_id': '93e2f6f1-481a-48a4-b2d7-dca307b60d7c', 'date': '09-05-2021', 'available_capacity': 0, 'min_age_limit': 45, 'vaccine': 'COVISHIELD', 'slots': ['09:00AM-11:00AM', '11:00AM-01:00PM', '01:00PM-03:00PM', '03:00PM-05:00PM']}]",2021-05-08 12:42:38.678619
0,553328,Muni. Shala No. 18,Muni. Shala No 18 Azad Soc Nr Post Office Bh Sahajanad College,Gujarat,Ahmedabad Corporation,West Zone,380015,23,72,09:00:00,17:00:00,Free,"[{'session_id': '82418ac8-0079-4df2-bd63-225b7586bbd7', 'date': '08-05-2021', 'available_capacity': 0, 'min_age_limit': 18, 'vaccine': 'COVISHIELD', 'slots': ['09:00AM-11:00AM', '11:00AM-01:00PM', '01:00PM-03:00PM', '03:00PM-05:00PM']}]",2021-05-08 12:42:39.078651
1,568221,Jodhpur UPHC,Jodhpur Uphc Oppanupam SocietyNr Rathi Hospital,Gujarat,Ahmedabad Corporation,south West Zone,380015,23,72,09:00:00,17:00:00,Free,"[{'session_id': '9fc80072-9818-4539-9e53-ba8ef78252b0', 'date': '09-05-2021', 'available_capacity': 0, 'min_age_limit': 45, 'vaccine': 'COVISHIELD', 'slots': ['09:00AM-11:00AM', '11:00AM-01:00PM', '01:00PM-03:00PM', '03:00PM-05:00PM']}]",2021-05-08 12:42:39.078651
2,601208,Ambawadi UHC,NR.MUNCI . SANSKRUTIK PARTY PLOT BUDARPURA ROAD AMBAWADID,Gujarat,Ahmedabad Corporation,West Zone,380015,23,72,09:00:00,17:00:00,Free,"[{'session_id': '93e2f6f1-481a-48a4-b2d7-dca307b60d7c', 'date': '09-05-2021', 'available_capacity': 0, 'min_age_limit': 45, 'vaccine': 'COVISHIELD', 'slots': ['09:00AM-11:00AM', '11:00AM-01:00PM', '01:00PM-03:00PM', '03:00PM-05:00PM']}]",2021-05-08 12:42:39.078651
0,553328,Muni. Shala No. 18,Muni. Shala No 18 Azad Soc Nr Post Office Bh Sahajanad College,Gujarat,Ahmedabad Corporation,West Zone,380015,23,72,09:00:00,17:00:00,Free,"[{'session_id': '82418ac8-0079-4df2-bd63-225b7586bbd7', 'date': '08-05-2021', 'available_capacity': 0, 'min_age_limit': 18, 'vaccine': 'COVISHIELD', 'slots': ['09:00AM-11:00AM', '11:00AM-01:00PM', '01:00PM-03:00PM', '03:00PM-05:00PM']}]",2021-05-08 12:47:43.973478
1,568221,Jodhpur UPHC,Jodhpur Uphc Oppanupam SocietyNr Rathi Hospital,Gujarat,Ahmedabad Corporation,south West Zone,380015,23,72,09:00:00,17:00:00,Free,"[{'session_id': '9fc80072-9818-4539-9e53-ba8ef78252b0', 'date': '09-05-2021', 'available_capacity': 0, 'min_age_limit': 45, 'vaccine': 'COVISHIELD', 'slots': ['09:00AM-11:00AM', '11:00AM-01:00PM', '01:00PM-03:00PM', '03:00PM-05:00PM']}]",2021-05-08 12:47:43.973478
2,601208,Ambawadi UHC,NR.MUNCI . SANSKRUTIK PARTY PLOT BUDARPURA ROAD AMBAWADID,Gujarat,Ahmedabad Corporation,West Zone,380015,23,72,09:00:00,17:00:00,Free,"[{'session_id': '93e2f6f1-481a-48a4-b2d7-dca307b60d7c', 'date': '09-05-2021', 'available_capacity': 0, 'min_age_limit': 45, 'vaccine': 'COVISHIELD', 'slots': ['09:00AM-11:00AM', '11:00AM-01:00PM', '01:00PM-03:00PM', '03:00PM-05:00PM']}]",2021-05-08 12:47:43.973478
0,553328,Muni. Shala No. 18,Muni. Shala No 18 Azad Soc Nr Post Office Bh Sahajanad College,Gujarat,Ahmedabad Corporation,West Zone,380015,23,72,09:00:00,17:00:00,Free,"[{'session_id': '82418ac8-0079-4df2-bd63-225b7586bbd7', 'date': '08-05-2021', 'available_capacity': 0, 'min_age_limit': 18, 'vaccine': 'COVISHIELD', 'slots': ['09:00AM-11:00AM', '11:00AM-01:00PM', '01:00PM-03:00PM', '03:00PM-05:00PM']}]",2021-05-08 12:47:44.332168
1,568221,Jodhpur UPHC,Jodhpur Uphc Oppanupam SocietyNr Rathi Hospital,Gujarat,Ahmedabad Corporation,south West Zone,380015,23,72,09:00:00,17:00:00,Free,"[{'session_id': '9fc80072-9818-4539-9e53-ba8ef78252b0', 'date': '09-05-2021', 'available_capacity': 0, 'min_age_limit': 45, 'vaccine': 'COVISHIELD', 'slots': ['09:00AM-11:00AM', '11:00AM-01:00PM', '01:00PM-03:00PM', '03:00PM-05:00PM']}]",2021-05-08 12:47:44.332168
2,601208,Ambawadi UHC,NR.MUNCI . SANSKRUTIK PARTY PLOT BUDARPURA ROAD AMBAWADID,Gujarat,Ahmedabad Corporation,West Zone,380015,23,72,09:00:00,17:00:00,Free,"[{'session_id': '93e2f6f1-481a-48a4-b2d7-dca307b60d7c', 'date': '09-05-2021', 'available_capacity': 0, 'min_age_limit': 45, 'vaccine': 'COVISHIELD', 'slots': ['09:00AM-11:00AM', '11:00AM-01:00PM', '01:00PM-03:00PM', '03:00PM-05:00PM']}]",2021-05-08 12:47:44.332168
